classifier,TP,TN,FP,FN,accuracy,fpr,fnr
contrast_depth_ge_0p132,24,72,0,0,1.0,0.0,0.0
contrast_depth_ge_0p10,24,69,3,0,0.96875,0.041666666666666664,0.0
detrended_depth_snr,23,72,0,1,0.9895833333333334,0.0,0.041666666666666664
avg_consistent_depth_snr,8,70,2,16,0.8125,0.027777777777777776,0.6666666666666666
lorentzian_bic_depth,22,70,2,2,0.9583333333333334,0.027777777777777776,0.08333333333333333
gaussian_bic_depth,22,71,1,2,0.96875,0.013888888888888888,0.08333333333333333
